elapsed_time,feedback_sound_level,norm_roi_activation,roi_activation,meditation_quality_count,current_sample_len
1.0134007080923766,0.27199834676156887,0.0025300561185409355,0.3073336016986957,3.0,12.0
1.0856952080503106,0.20743750011808143,0.002024628789566376,0.24277275505520826,3.0,42.0
1.1837416660273448,0.201666803046417,0.0019794517486988847,0.23700205798354382,3.0,51.0
1.2317976250778884,0.20078187502365918,0.001972523915032962,0.23611712996078602,3.0,24.0
1.311650500050746,0.1800432946490237,0.0018101678458296224,0.21537854958615052,3.0,42.0
1.3815226660808548,0.16653630525466712,0.0017044257137634842,0.20187156019179395,3.0,36.0
1.434872875106521,0.16051467486591986,0.0016572841919017419,0.1958499298030467,3.0,27.0
1.4899225410772488,0.14812161668282836,0.0015602626901563325,0.1834568716199552,3.0,27.0
1.5424720000009984,0.14150486207469015,0.001508462120895849,0.17684011701181698,3.0,30.0
1.6295501660788432,0.13779890292047764,0.001479449288289333,0.17313415785760447,2.0,45.0
1.7058465830050409,0.11368732624456318,0.0012906870518835927,0.14902258118169,2.0,30.0
1.7884641661075875,0.10713987116415322,0.0012394290076521309,0.14247512610128005,2.0,51.0
1.8526474580867216,0.1019913337378433,0.0011991226663509535,0.13732658867497013,2.0,30.0
1.90118591603823,0.08786999948012926,0.0010885710142816056,0.12320525441725609,2.0,27.0
1.9910117500694469,0.07943260827969295,0.0010225172321572946,0.11476786321681978,2.0,45.0
2.029578541056253,0.07497352737688914,0.0009876084373140203,0.11030878231401597,2.0,18.0
2.130273458082229,0.07087000282577587,0.0009554831855386872,0.1062052577629027,2.0,54.0
2.1899084580363706,0.06761501956081353,0.0009300009066808594,0.10295027449794036,2.0,15.0
2.255286166095175,0.0589055826505762,0.0008618173610293907,0.09424083758770303,2.0,39.0
2.3297153330640867,0.0465551937383923,0.0007651299040920241,0.08189044867551913,2.0,45.0
2.384682458010502,0.04126291466059072,0.0007236982529048564,0.07659816959771755,1.0,21.0
2.4355183750158176,0.0318314329657334,0.0006498620371620902,0.06716668790286023,1.0,36.0
2.4878689580364153,0.017023770574195664,0.000533937329850853,0.052359025511322495,1.0,18.0
2.5478300410322845,0.009847657036326715,0.0004777577088199824,0.045182911973453546,1.0,33.0
2.6167689580470324,0.0067728019814416104,0.00045368559920288724,0.04210805691856844,1.0,15.0
2.671153375064023,0.0,0.0004002340744278535,0.03528041722432622,0.0,39.0
2.720871000085026,0.0,0.00033476060263403607,0.026917152063589106,0.0,18.0
2.7903557911049575,0.0,0.0003045978369611148,0.023064306011707066,0.0,48.0
2.8699710411019623,0.0,0.0002961788702072625,0.021988907847949605,0.0,42.0
2.934637000085786,0.0,0.00032130835541180835,0.025198826955038757,0.0,39.0
2.991811791085638,0.0,0.0003482608509789703,0.028641608603789698,0.0,24.0
3.055783666088246,0.0,0.00038477918155443676,0.033306283829686596,0.0,39.0
3.1223448750097305,0.0013293633868154478,0.00041107056590706126,0.03666461832394228,1.0,36.0
3.174393541063182,0.00515610504688966,0.0004410289681970363,0.04049135998401649,1.0,27.0
3.235121666104533,0.009667994899918986,0.00047635118832895065,0.04500324983704582,1.0,12.0
3.299531333032064,0.015560937512266428,0.0005224852525367282,0.05089619244939326,1.0,45.0
3.3495615411084145,0.022202249758315404,0.0005744780761120239,0.057537504695442235,1.0,30.0
3.4362119580619037,0.02770506841499168,0.0006175579779422119,0.06304032335211851,1.0,45.0
3.5083635830087587,0.032579723454108075,0.0006557201769247978,0.0679149783912349,1.0,30.0
3.5809935830766335,0.03791308757897108,0.0006974734705109835,0.07324834251609791,1.0,48.0
3.626765208085999,0.0440925141239254,0.0007458503307225248,0.07942776906105223,2.0,21.0
3.670208250056021,0.0469491831345073,0.0007682143278329695,0.08228443807163413,2.0,21.0
3.7106106660794467,0.04898249317228763,0.0007841324967356714,0.08431774810941446,2.0,15.0
3.7828257910441607,0.04819341886431178,0.0007779550727925653,0.08352867380143861,2.0,48.0
3.8556927910540253,0.04852577835793123,0.0007805570146792175,0.08386103329505806,2.0,34.0
3.932839041110128,0.051694437812591545,0.0008053634905521682,0.08702969274971838,2.0,26.0
4.013637208030559,0.054881676619982306,0.0008303154185545881,0.09021693155710914,2.0,51.0
4.082171125104651,0.05045891294054279,0.0007956909402615931,0.08579416787766962,2.0,39.0
4.1221997500397265,0.04603983656101976,0.0007610953287236797,0.08137509149814659,2.0,12.0
4.195865291054361,0.04577185921642396,0.0007589974151964194,0.08110711415355079,2.0,45.0
4.2592816250398755,0.04521055255454558,0.000754603115220531,0.08054580749167241,2.0,33.0
4.301342625054531,0.04287251265087147,0.0007362993084245098,0.0782077675879983,1.0,21.0
4.379978041048162,0.0363683795461648,0.0006853804188293948,0.07170363448329163,1.0,36.0
4.464634541072883,0.04168458444846272,0.0007269993780553723,0.07701983938558955,1.0,45.0
4.532633333001286,0.04698536700696963,0.0007684976004193961,0.08232062194409646,2.0,30.0
4.615034541115165,0.04218031905319772,0.0007308803342413263,0.07751557399032455,1.0,51.0
4.678916458040476,0.03246736613205699,0.0006548405654555027,0.06780262106918382,1.0,30.0
4.803594541037455,0.0337738714878414,0.000665068800470938,0.06910912642496823,1.0,66.0
4.862613541074097,0.03675302020858917,0.0006883916541636786,0.072088275145716,1.0,30.0
4.894753875094466,0.03321860455047672,0.0006607217836703393,0.06855385948760355,1.0,15.0
4.941442583105527,0.030247465626300485,0.0006374616362507853,0.06558272056342732,1.0,18.0
4.984012208064087,0.031026314435790167,0.0006435590078609993,0.066361569372917,1.0,33.0
5.047093166038394,0.03587967291023872,0.0006815544824842248,0.07121492784736555,1.0,18.0
5.104272333090194,0.030562107091161334,0.0006399248690526634,0.06589736202828816,1.0,30.0
5.183015625108965,0.024819216136980286,0.0005949655138634036,0.06015447107410712,1.0,51.0
5.260484708007425,0.024953612560774517,0.0005960176627900921,0.06028886749790135,1.0,24.0
5.322225458105095,0.023532260453396348,0.0005848903273149001,0.05886751539052318,1.0,45.0
5.3746957500698045,0.022151441614735715,0.0005740803145330681,0.057486696551862546,1.0,28.0
5.43871904106345,0.024926606851163817,0.0005958062432628519,0.06026186178829065,1.0,32.0
5.5000287080183625,0.027779624488493374,0.0006181416548771951,0.0631148794256202,1.0,27.0
5.556276625022292,0.0242609010465712,0.0005905946339951465,0.05959615598369803,1.0,24.0
5.609492333023809,0.021091181575417714,0.0005657798595738856,0.056426436512544545,1.0,39.0
5.653769958065823,0.02232170234600883,0.0005754132342686445,0.05765695728313566,1.0,18.0
5.704935125075281,0.02893971503694845,0.00062722365267862,0.06427496997407528,1.0,30.0
5.7623220410896465,0.03551340768303532,0.0006786871028709442,0.07084866262016215,1.0,21.0
5.80708829103969,0.040106763834844586,0.0007146470980001593,0.07544201877197142,1.0,30.0
5.91312133311294,0.050149715883538934,0.0007932703300810725,0.08548497082066576,2.0,51.0
6.038805875112303,0.06293008624315577,0.0008933239816361265,0.0982653411802826,2.0,45.0
6.1767985000042245,0.0640271132654558,0.0009019122741775155,0.09936236820258264,2.0,84.0
6.268793041002937,0.0729731950201043,0.0009719484406951077,0.10830844995723113,2.0,48.0
6.303132125060074,0.087068798548692,0.0010822986546735534,0.12240405348581883,2.0,27.0
6.356943208025768,0.09418487311334858,0.001138008248753993,0.1295201280504754,2.0,27.0
6.427904750104062,0.09579731256207982,0.0011506315491918852,0.13113256749920665,2.0,33.0
6.491357708000578,0.09646906941261243,0.0011558905302669004,0.13180432434973927,2.0,21.0
6.582860250025988,0.09935671300946675,0.0011784970180387857,0.13469196794659358,2.0,48.0
6.639277791022323,0.0945101973094549,0.0011405551134256535,0.12984545224658173,2.0,42.0
6.686814875109121,0.08799744711664574,0.0010895687632557533,0.12333270205377257,2.0,15.0
6.753277000039816,0.08503219341788591,0.0010663546894848156,0.12036744835501274,2.0,36.0
6.789630166022107,0.09265240570496736,0.0011260110252163918,0.1279876606420942,2.0,15.0
6.835450083017349,0.09015368050509698,0.001106449261867997,0.1254889354422238,2.0,30.0
6.880648916005157,0.07999636209381447,0.0010269306901474619,0.1153316170309413,2.0,24.0
6.919047958101146,0.07354776026123029,0.000976446538075205,0.10888301519835712,2.0,24.0
7.0035449580755085,0.07383899086996354,0.0009787264943697765,0.10917424580709037,2.0,30.0
7.070463291020133,0.0750044938044364,0.0009878508641032711,0.11033974874156323,2.0,48.0
7.173814083100297,0.06785950415269139,0.0009319149025571932,0.10319475908981822,2.0,54.0
7.228901958093047,0.07027230160367269,0.0009508039635656445,0.10560755654079952,2.0,27.0
7.286969583015889,0.07287010848512733,0.000971141407412004,0.10820536342225416,2.0,24.0
7.368466500076465,0.07158306695599337,0.0009610655488046706,0.1069183218931202,2.0,45.0
7.418621541000903,0.07414092812462135,0.0009810902697549155,0.10947618306174818,2.0,30.0
7.494610875030048,0.07446148086637396,0.000983599780154526,0.10979673580350079,2.0,33.0
7.591460041003302,0.07361563972019516,0.0009769779458156627,0.108950894657322,2.0,51.0
7.660960833076388,0.08566168152297549,0.0010712827613444304,0.12099693646010232,2.0,36.0
7.737775458022952,0.0917270322602225,0.0011187665565825754,0.12706228719734933,2.0,42.0
7.817094000056386,0.08608517938541888,0.0010745981979374973,0.1214204343225457,2.0,24.0
7.874655208084732,0.08757104053059234,0.0010862305551458714,0.12290629546771917,2.0,45.0
7.9509302080841735,0.09322304541451218,0.0011304783907978059,0.128558300351639,2.0,19.0
8.026321375044063,0.09642793453466433,0.001155568497756952,0.13176318947179116,2.0,59.0
8.103457041084766,0.08939765565384084,0.0011005305721191023,0.12473291059096767,2.0,39.0
8.19678587501403,0.07338341910733624,0.000975159960919364,0.10871867404446307,2.0,33.0
8.248476500040852,0.06810035348759852,0.0009338004391069171,0.10343560842472535,2.0,39.0
8.298981958068907,0.07041994470819804,0.0009519598167466574,0.10575519964532487,2.0,27.0
8.369583333027549,0.056015487937447594,0.0008391916842100264,0.09135074287457443,2.0,36.0
8.422041875077412,0.04549320543165755,0.0007568159190502975,0.08082846036878438,2.0,21.0
8.492398583097383,0.051127270928543966,0.0008009233126705185,0.0864625258656708,2.0,45.0
8.544186000013724,0.05530197693058113,0.0008336058224820057,0.09063723186770796,2.0,15.0
8.61389612511266,0.04825792093498797,0.0007784600399822804,0.0835931758721148,2.0,45.0
8.668961083050817,0.04720262798180404,0.0007701984708371485,0.08253788291893087,2.0,25.0
8.716927416040562,0.06090846343767821,0.0008774973085379717,0.09624371837480504,2.0,26.0
8.83439925010316,0.07231096808685612,0.0009667640664582745,0.10764622302398295,2.0,54.0
8.90673016605433,0.07443948898575413,0.0009834276123770155,0.10977474392288096,2.0,45.0
8.975522333057597,0.0837631843923471,0.0010564200018905756,0.11909843932947393,2.0,36.0
9.020620708004571,0.1009212924792266,0.0011907456371861762,0.13625654741635343,2.0,21.0
9.093207041034475,0.10881442595013172,0.0012525385902660703,0.14414968088725855,2.0,42.0
9.15223083307501,0.10589268867113258,0.0012296651933751562,0.1412279436082594,2.0,15.0
9.201415458112024,0.11011587927460958,0.0012627272744574086,0.14545113421173642,2.0,39.0
9.278211500030011,0.12689957661567122,0.0013941217613397442,0.16223483155279805,2.0,39.0
9.33598354109563,0.1327643666598545,0.0014400354276117642,0.16809962159698133,2.0,24.0
9.400196750066243,0.11854252340041074,0.0013286969209870127,0.15387777833753757,2.0,39.0
9.480336750042625,0.1114750565290793,0.0012733678618264545,0.14681031146620613,2.0,33.0
9.53618125000503,0.11177209464363638,0.0012756932833264739,0.1471073495807632,2.0,33.0
9.60291216603946,0.09845822918325192,0.0011714630600902739,0.13379348412037875,2.0,39.0
9.669482166063972,0.08035315426729668,0.0010297239080901874,0.11568840920442351,2.0,15.0
9.770669583114795,0.07827910761347637,0.0010134868245494813,0.1136143625506032,2.0,51.0
9.823268666048534,0.08341204143078759,0.0010536710099182539,0.11874729636791442,2.0,45.0
9.875830833101645,0.07731126293940532,0.0010059098615152252,0.11264651787653215,2.0,12.0
9.948618958005682,0.054961679135014666,0.0008309417340319446,0.0902969340721415,2.0,48.0
10.049966083024628,0.0480238226053724,0.0007766273550097865,0.08335907754249923,2.0,48.0
10.135861583054066,0.049922857758004785,0.0007914943264750779,0.08525811269513162,2.0,45.0
10.236976041109301,0.048834639386987816,0.000782974994198638,0.08416989432411465,2.0,54.0
10.312126625096425,0.04998707052645773,0.0007919970288052449,0.08532232546358456,2.0,42.0
10.362261208007112,0.054901795480598564,0.0008304729230253618,0.0902370504177254,2.0,21.0
10.41088070801925,0.05754241055367945,0.0008511454992480261,0.09287766549080628,2.0,30.0
10.464436000096612,0.050653870893288364,0.0007972172070694415,0.0859891258304152,2.0,24.0
10.526502250111662,0.04128701884986245,0.0007238869573075106,0.07662227378698928,1.0,36.0
10.586491083027795,0.03594939290418629,0.0006821002992160226,0.07128464784131312,1.0,15.0
10.654109416063875,0.038568437012065346,0.0007026040028805933,0.07390369194919218,1.0,51.0
10.708176250103861,0.03454357642276876,0.0006710945874546054,0.06987883135989559,1.0,27.0
10.741645666072145,0.03454087958036445,0.0006710734746916238,0.06987613451749128,1.0,18.0
10.797181875095703,0.03445686337639137,0.0006704157372582969,0.0697921183135182,1.0,12.0
10.872011000057682,0.026385947023779034,0.0006072309758036632,0.061721201960905865,1.0,51.0
10.92016425007023,0.021968578428393344,0.0005726487339908987,0.057303833365520175,1.0,30.0
10.974071458098479,0.023701612426586714,0.0005862161326584831,0.059036867363713545,1.0,21.0
11.068298791069537,0.023583950166476568,0.0005852949904346679,0.0589192051036034,1.0,51.0
11.146471208077855,0.021304235725016628,0.0005674477960300688,0.05663949066214346,1.0,39.0
11.219348125043325,0.023585133955889473,0.0005853042579637065,0.058920388893016304,1.0,39.0
11.265474791056477,0.026620791270851436,0.0006090695003381741,0.06195604620797827,1.0,24.0
11.345841750036925,0.028445177378988565,0.0006233520670267114,0.0637804323161154,1.0,42.0
11.425219583092257,0.033073364097609054,0.0006595847401219898,0.06840861903473588,1.0,39.0
11.472295500105247,0.0385688582585797,0.0007026073006920635,0.07390411319570653,1.0,24.0
11.533033625106327,0.040760995541074374,0.0007197688800244281,0.0760962504782012,1.0,33.0
11.611700916080736,0.04209790849697205,0.0007302351669382632,0.07743316343409888,1.0,21.0
11.690421750070527,0.04548005057368962,0.0007567129336485959,0.08081530551081645,2.0,54.0
11.738811041112058,0.053241715192181086,0.0008174766568721081,0.08857697012930792,2.0,30.0
11.791953791049309,0.06100853685666441,0.000878280753047906,0.09634379179379124,2.0,21.0
11.853096416103654,0.06375070122088114,0.00089974832793689,0.09908595615800797,2.0,39.0
11.949478916008957,0.06725253077410931,0.0009271630916773037,0.10258778571123614,2.0,42.0
12.0198161250446,0.06985067555567293,0.0009475031808413505,0.10518593049279976,2.0,24.0
12.080008708056994,0.06910685238025355,0.0009416800143197337,0.10444210731738038,2.0,45.0
12.138242666027509,0.06584414177439317,0.0009161372404487018,0.10117939671152,2.0,30.0
12.202911875094287,0.06382636877502752,0.0009003407063174499,0.09916162371215435,2.0,30.0
12.272791666095145,0.06976727907987262,0.0009468502950723271,0.10510253401699945,2.0,42.0
12.322638208046556,0.07532165939986028,0.000990333857559397,0.11065691433698711,2.0,12.0
12.38887704105582,0.07538710027548592,0.0009908461743689313,0.11072235521261276,2.0,45.0
12.448547458043322,0.07164842567436928,0.0009615772224299618,0.10698368061149612,2.0,30.0
12.493646000046283,0.07427926295370496,0.0009821732512646528,0.10961451789083179,2.0,27.0
12.571957583073527,0.08137587823301928,0.0010377305044895174,0.11671113317014611,2.0,39.0
12.626512666000053,0.08485472860611468,0.0010649653711833408,0.12018998354324151,2.0,18.0
12.674484208109789,0.07972174398951307,0.0010247807881222982,0.1150569989266399,2.0,33.0
12.724743333063088,0.08078947021236307,0.0010331396935727058,0.1161247251494899,2.0,18.0
12.780288416077383,0.09830031380043297,0.0011702267883514149,0.1336355687375598,2.0,36.0
12.83256562508177,0.10529464428130111,0.001224983284845829,0.14062989921842795,2.0,18.0
12.88565379101783,0.10042772932402344,0.0011868816806214159,0.13576298426115027,2.0,36.0
12.937999458052218,0.09940384348535497,0.0011788659882704345,0.1347390984224818,2.0,15.0
12.990066458005458,0.11250214096647154,0.0012814085950387855,0.14783739590359837,2.0,39.0
13.033305958029814,0.11990417007761861,0.0013393568407193024,0.15523942501474544,2.0,12.0
13.111979125067592,0.10939743040935235,0.0012571027557304938,0.14473268534647918,2.0,51.0
13.186117500066757,0.1080931513107545,0.0012468919494087933,0.14342840624788133,2.0,39.0
13.221410500002094,0.11828249341253266,0.0013266612249102207,0.1536177483496595,2.0,15.0
13.280285708024167,0.1252532497865904,0.0013812331668571402,0.16058850472371722,2.0,30.0
13.346207208000124,0.11306675554810594,0.001285828791717299,0.14840201048523277,2.0,24.0
13.415899833082221,0.10331952062075447,0.001209520639480331,0.1386547755578813,2.0,45.0
13.483916000113823,0.10566822876943788,0.0012279079647377759,0.1410034837065647,2.0,36.0
13.568531083059497,0.10653028745473442,0.0012346567612821393,0.14186554239186125,2.0,45.0
13.63708354101982,0.09279570568907819,0.0011271328774221288,0.12813096062620502,2.0,33.0
13.681657041073777,0.08033297992595644,0.0010295659692776168,0.11566823486308327,2.0,24.0
13.754014333011582,0.08566904834627227,0.0010713404339744454,0.1210043032833991,2.0,24.0
13.842023250064813,0.08315379648474304,0.0010516492883937323,0.11848905142186987,2.0,54.0
13.926544791087508,0.07791945939626459,0.001010671247504781,0.11325471433339142,2.0,48.0
13.989581791101955,0.07026304390320234,0.0009507314878305134,0.10559829884032917,2.0,33.0
14.045526958070695,0.06488098078089448,0.0009085969445321266,0.10021623571802131,2.0,24.0
14.114524833043106,0.05918540954400331,0.0008640080410881748,0.09452066448113014,2.0,39.0
14.2076048750896,0.05685846802348214,0.0008457911201749227,0.09219372296060897,2.0,42.0
14.254834166029468,0.05283602413913625,0.000814300624400576,0.08817127907626308,2.0,24.0
14.305027083028108,0.04791122165145546,0.000775745836220349,0.0832464765885823,2.0,33.0
14.42391962511465,0.05158271393763145,0.0008044888381484351,0.08691796887475828,2.0,63.0
14.483933333074674,0.048593179457723304,0.0007810846774904871,0.08392843439485013,2.0,27.0
14.611702208057977,0.045870539191073464,0.0007597699508523688,0.0812057941282003,2.0,66.0
14.72204150003381,0.0535265690637214,0.0008197066916211212,0.08886182400084823,2.0,48.0
14.770965250092559,0.055153671388882275,0.0008324447832808487,0.0904889263260091,2.0,24.0
14.84910612506792,0.05397185090539183,0.0008231926683946161,0.08930710584251866,2.0,48.0
14.918623041012324,0.06617940081823043,0.0009187618820364577,0.10151465575535726,2.0,39.0
14.974457916105166,0.07343505023442998,0.0009755641653871746,0.10877030517155681,2.0,18.0
15.03692837501876,0.07239105034423779,0.0009673910062143496,0.10772630528136462,2.0,42.0
15.094205458066426,0.07498131799281527,0.0009876694276882692,0.1103165729299421,2.0,12.0
15.164264040999115,0.07075682386719563,0.0009545971417256743,0.10609207880432246,2.0,51.0
15.233028458082117,0.07035022042475944,0.0009514139664337326,0.10568547536188627,2.0,33.0
15.281260458054021,0.07258551535736577,0.0009689134139471204,0.1079207702944926,2.0,18.0
15.32333591603674,0.06319360612941557,0.000895386999071128,0.0985288610665424,2.0,30.0
15.40651554102078,0.057452619169657854,0.0008504425496779627,0.09278787410678468,2.0,24.0
15.49674704100471,0.05485832476726181,0.0008301326039670983,0.09019357970438864,2.0,51.0
15.56895466602873,0.049186706693132104,0.0007857312225849601,0.08452196163025893,2.0,54.0
15.637498041032813,0.040301125863311665,0.0007161686994971884,0.0756363808004385,1.0,36.0
15.691701958072372,0.039578158777453104,0.0007105088089886292,0.07491341371457994,1.0,18.0
15.75813279103022,0.04281408604935154,0.000735841904244073,0.07814934098647837,1.0,39.0
15.835849666036665,0.06087320448029454,0.0008772212768317696,0.09620845941742137,2.0,42.0
15.898187750019133,0.06868633700959634,0.000938387926752207,0.10402159194672317,2.0,24.0
15.980093000107445,0.06080536722703998,0.0008766901995070443,0.09614062216416681,2.0,48.0
16.030995583045296,0.061487150323946194,0.0008820276730304661,0.09682240526107302,2.0,24.0
16.09275441605132,0.07947144041869533,0.001022821237220963,0.11480669535582216,2.0,33.0
16.153513458091766,0.08816729651680823,0.0010908984628045543,0.12350255145393506,2.0,33.0
16.241109125083312,0.08203663921814416,0.0010429034022621639,0.117371894155271,2.0,45.0
16.29388491611462,0.08499359458438942,0.0010660525108993426,0.12032884952151625,2.0,24.0
16.353681416017935,0.10013954419865359,0.001184625566494378,0.13547479913578042,2.0,30.0
16.394226416014135,0.10651983696510983,0.0012345749475617188,0.14185509190223666,2.0,24.0
16.44233100011479,0.0891398623303117,0.0010985123862105699,0.12447511726743853,2.0,27.0
16.493672291049734,0.07751290865908762,0.0010074884848263626,0.11284816359621445,2.0,24.0
16.567807666026056,0.08040838977552776,0.0010301563301670532,0.1157436447126546,2.0,33.0
16.6508871660335,0.09169210390398216,0.0011184931130526676,0.127027358841109,2.0,48.0
16.742468625074252,0.07926727750737608,0.0010212229075783302,0.11460253244450291,2.0,45.0
16.793340583099052,0.07203992343332977,0.0009646421398977206,0.1073751783704566,2.0,24.0
16.86989108310081,0.09107056973018837,0.001113627310113903,0.1264058246673152,2.0,45.0
16.93359308305662,0.10706267291567889,0.0012388246459289435,0.14239792785280572,2.0,15.0
16.986830916022882,0.09916741767138074,0.0011770150821273117,0.13450267260850757,2.0,45.0
17.05523916601669,0.09636209929153775,0.001155053093563608,0.13169735422866458,2.0,33.0
17.116198833100498,0.11017469554332246,0.0012631877292243658,0.1455099504804493,2.0,27.0
17.228789708111435,0.11948845134449124,0.0013361023045752904,0.15482370628161807,2.0,54.0
17.309251583064906,0.1339422923632494,0.0014492570514433875,0.16927754730037622,2.0,51.0
17.405468375072815,0.127130923603135,0.001395932906887228,0.16246617854026182,2.0,48.0
17.473719666013494,0.12355303297708164,0.0013679226840276168,0.15888828791420848,2.0,36.0
17.534694083034992,0.13007138400063967,0.0014189528814063535,0.1654066389377665,2.0,21.0
17.59431220800616,0.12079850532410502,0.0013463583206926918,0.15613376026123185,2.0,39.0
17.644328583031893,0.10512625442677659,0.0012236650116380944,0.14046150936390342,2.0,15.0
17.71689725003671,0.10028124378583894,0.001185734889676947,0.13561649872296577,2.0,45.0
17.768746958114207,0.09686782936854363,0.0011590123012768325,0.13220308430567046,2.0,27.0
17.84475208306685,0.08212956816306585,0.0010436309148469285,0.11746482310019268,2.0,33.0
17.92228962504305,0.0735058021987309,0.0009761180611025421,0.10884105713585773,2.0,48.0
17.988528125104494,0.06433488949027015,0.0009043217610928405,0.09967014442739698,2.0,33.0
18.044515458052047,0.05788253018471619,0.0008538081929019058,0.09321778512184302,2.0,24.0
18.094640708062798,0.054426760452292486,0.0008267540175585248,0.08976201538941932,2.0,30.0
18.215001083095558,0.052446984848657854,0.0008112549535385056,0.08778223978578469,2.0,63.0
18.27224866603501,0.04590923627875036,0.0007600728986400836,0.0812444912158772,2.0,33.0
18.335318083059974,0.03891598821641157,0.0007053248760727407,0.0742512431535384,1.0,27.0
18.431133250007406,0.03439523847810576,0.0006699332945804488,0.06973049341523259,1.0,51.0
18.51105875009671,0.0335609151816777,0.0006634016300013966,0.06889617011880453,1.0,39.0
18.60923104104586,0.02863594105796713,0.0006248454981346385,0.06397119599509396,1.0,45.0
18.656953958095983,0.024280744984697518,0.000590749986180952,0.05961599992182435,1.0,24.0
18.696027916041203,0.018318676693624428,0.0005440747579553791,0.05365393163075126,1.0,27.0
18.758721916005015,0.015859441737176815,0.0005248221517709841,0.051194696674303646,1.0,27.0
18.825209416099824,0.014333004141503111,0.0005128721338121423,0.04966825907862994,1.0,39.0
18.889087708084844,0.009355928509713958,0.0004739081150072043,0.04469118344684079,1.0,33.0
18.93018850008957,0.0074071520268103805,0.00045865173372147737,0.04274240696393721,1.0,24.0
18.993730166112073,0.010128044021661425,0.0004799527736687989,0.045463298958788256,1.0,12.0
19.052839791052975,0.011556511664248093,0.0004911358145156152,0.046891766601374923,1.0,51.0
19.12416208302602,0.007758566376175717,0.0004614028503067951,0.04309382131330255,1.0,33.0
19.207710750051774,0.011046447226472252,0.0004871426744037211,0.04638170216359908,1.0,45.0
19.265341208083555,0.015666294627307904,0.000523310061503964,0.051001549564434735,1.0,24.0
19.30607912503183,0.018240582541007196,0.0005434633824698031,0.05357583747813403,1.0,24.0
19.37425354111474,0.02124165329575995,0.0005669578571320458,0.05657690823288678,1.0,30.0
19.45882545807399,0.025927408220578596,0.0006036412142905811,0.06126266315770543,1.0,48.0
19.544684416032396,0.02939075549666971,0.0006307547119299839,0.06472601043379654,1.0,45.0
19.599576291046105,0.029543575146367226,0.0006319510907164637,0.06487883008349406,1.0,12.0
19.6454311250709,0.027837187855811074,0.0006185923010583214,0.0631724427929379,1.0,33.0
19.694669541087933,0.030187332183096674,0.0006369908697233824,0.0655225871202235,1.0,15.0
19.754530041012913,0.030158136089956225,0.0006367623023464092,0.06549339102708306,1.0,48.0
19.818765291012824,0.026717809778803586,0.0006098290288741943,0.06205306471593042,1.0,30.0
19.865531541057862,0.02544161375694174,0.000599838076460892,0.06077686869406857,1.0,27.0
19.925975333084352,0.027030092308558497,0.0006122737942870618,0.06236534724568533,1.0,30.0
19.99929670803249,0.02587499080843802,0.0006032308542351086,0.06121024574556485,1.0,24.0
20.06992966600228,0.02126813512824998,0.0005671651753838602,0.05660339006537681,1.0,45.0
20.13061525009107,0.017263051954337687,0.0005358105913572637,0.05259830689146452,1.0,36.0
20.20230895804707,0.018252383613585055,0.0005435557694954101,0.053587638550711886,1.0,27.0
20.27252395800315,0.017076854906145286,0.0005343529110196666,0.05241210984327212,1.0,48.0
20.332985041080974,0.01288630266441372,0.0005015463457934903,0.04822155760154055,1.0,24.0
20.38122291606851,0.011972442372240426,0.0004943920101466907,0.04730769730936726,1.0,30.0
20.450778625090607,0.01510350030817649,0.0005189041151096822,0.05043875524530332,1.0,33.0
20.544092291034758,0.02342959729975739,0.000584086608556155,0.05876485223688422,1.0,21.0
20.64171150000766,0.020774206425729663,0.0005632983570597871,0.056109461362856494,1.0,78.0
20.739327916060574,0.026777007178341583,0.0006102924673990319,0.062112262115468414,1.0,51.0
20.81068158301059,0.04222177087057319,0.0007312048479741297,0.07755702580770002,1.0,30.0
20.870039083063602,0.0469060933551672,0.0007678769909916756,0.08224134829229403,2.0,36.0
20.947053958079778,0.045379392479328165,0.0007559249118921014,0.080714647416455,2.0,42.0
21.027616916107945,0.053799470295532587,0.000821843152771172,0.08913472523265942,2.0,24.0
21.104866833076812,0.05973494258166444,0.0008683101689233643,0.09507019751879127,2.0,54.0
21.177836125018075,0.060101509573332046,0.000871179910959306,0.09543676451045888,2.0,36.0
21.238620291114785,0.05822896740172856,0.0008565203450243657,0.09356422233885539,2.0,18.0
21.29121937509626,0.04979613054636241,0.0007905022174892324,0.08513138548348924,2.0,42.0
21.351753500057384,0.04804179821067335,0.0007767680805833548,0.08337705314780018,2.0,27.0
21.42996587511152,0.04093447317666568,0.0007211269839303128,0.07626972811379251,1.0,30.0
21.487165166065097,0.03353748445377697,0.0006632181979239923,0.0688727393909038,1.0,42.0
21.56661633308977,0.030196862216887804,0.00063706547747366,0.06553211715401464,1.0,36.0
21.625763791031204,0.027995222023733154,0.0006198295027298028,0.06333047696085999,1.0,30.0
21.67818041611463,0.022357084850553884,0.0005756902331881815,0.057692339787680715,1.0,27.0
21.726397291058674,0.02391611201555912,0.0005878953850220579,0.05925136695268595,1.0,21.0
21.80465304106474,0.026510495445929802,0.0006082060277059915,0.06184575038305663,1.0,45.0
21.885752625064924,0.026198415625260436,0.0006057628492412046,0.06153367056238727,1.0,45.0
21.950275041046552,0.02862832870933138,0.0006247859033610533,0.06396358364645821,1.0,21.0
22.0046617500484,0.032347639533109665,0.0006539032621477051,0.0676828944702365,1.0,39.0
22.08627241605427,0.031292991453027386,0.0006456467415189146,0.06662824639015422,1.0,39.0
22.174564416054636,0.026693873730848215,0.0006096416407990178,0.062029128667975046,1.0,51.0
22.24383650009986,0.02895431677233261,0.0006273379652457145,0.06428957170945944,1.0,27.0
22.2869909160072,0.03586118072895654,0.0006814097127936416,0.07119643566608337,1.0,24.0
22.333238666062243,0.043625359209649786,0.0007421931162835088,0.07896061414677662,2.0,30.0
22.42755850008689,0.03818166620749085,0.0006995760913081054,0.07351692114461768,1.0,46.0
22.494030375033617,0.038481963696564925,0.0007019270294647659,0.07381721863369176,1.0,35.0
22.55396541603841,0.046756980804026724,0.0007667096339578422,0.08209223574115355,2.0,24.0
22.639963666093536,0.04942198155327289,0.000787573118258858,0.08475723649039972,2.0,51.0
22.695849708048627,0.050972522835024375,0.0007997118366810009,0.0863077777721512,2.0,27.0
22.771522250026464,0.059878772471151254,0.0008694361695979133,0.09521402740827808,2.0,27.0
22.81355512503069,0.07326294097797212,0.0009742167741073846,0.10859819591509895,2.0,33.0
22.86342458310537,0.08193699384963508,0.0010421233088298652,0.11727224878676192,2.0,18.0
22.93996525008697,0.0765538925614195,0.0009999806380447886,0.11188914749854634,2.0,48.0
22.99388720805291,0.06972391512238513,0.0009465108117732976,0.10505917005951196,2.0,27.0
23.029970416100696,0.07503009115046709,0.000988051257978286,0.11036534608759392,2.0,21.0
23.105959916021675,0.07265420733955344,0.0009694511826859785,0.10798946227668027,2.0,36.0
23.18795858300291,0.06312113056694153,0.0008948196098273117,0.09845638550406836,2.0,18.0
23.264572208048776,0.06768323097273571,0.000930534913180554,0.10301848590986254,2.0,60.0
23.326384750078432,0.07986956942845061,0.0010259380687442404,0.11520482436557744,2.0,36.0
23.398045916110277,0.08070700724776647,0.001032494115980368,0.1160422621848933,2.0,39.0
23.45832675008569,0.06919981877503589,0.0009424078200881232,0.10453507371216272,2.0,27.0
23.53591029101517,0.06761440636370644,0.0009299961061462926,0.10294966130083327,2.0,42.0
23.594146333052777,0.08088774617730858,0.0010339090663589565,0.11622300111443541,2.0,12.0
23.69441179104615,0.0918032047644313,0.0011193628880643502,0.12713845970155813,2.0,51.0
23.765534166013822,0.10323393795889657,0.0012088506387223136,0.1385691928960234,2.0,54.0
23.827131375088356,0.13012334140105616,0.001419359640169261,0.165458596338183,2.0,27.0
23.90383983310312,0.14981880720586963,0.0015735494811050105,0.18515406214299646,3.0,45.0
23.995125625049695,0.1495454499185009,0.0015714094496340255,0.18488070485562774,3.0,33.0
24.055767208104953,0.1478345681401645,0.0015580154739913122,0.18316982307729132,3.0,45.0
24.119906416046433,0.14922551915606425,0.0015689048085222369,0.18456077409319108,3.0,33.0
24.193267500028014,0.15508208430033352,0.0016147540845421033,0.19041733923746035,3.0,24.0
24.25697854103055,0.15747357906239046,0.0016334763732462434,0.1928088339995173,3.0,45.0
24.30434904107824,0.1554687092135738,0.0016177808539754898,0.19080396415070064,3.0,12.0
24.350361250108108,0.14712621007159082,0.0015524699530576444,0.18246146500871765,3.0,33.0
24.42290312505793,0.1333748425535667,0.0014448146586225682,0.16871009749069354,2.0,21.0
24.476817041053437,0.11032386462023802,0.001264355528781385,0.14565911955736485,2.0,42.0
24.524126083008014,0.09818136097378236,0.001169295542672745,0.1335166159109092,2.0,30.0
24.5900618750602,0.09170246596413378,0.0011185742344855078,0.12703772090126061,2.0,30.0
24.64624958310742,0.07768357900957999,0.0010088246113468349,0.11301883394670682,2.0,30.0
24.71409266605042,0.06676219651859493,0.0009233244131909774,0.10209745145572176,2.0,24.0
24.775226166006178,0.0642357196542122,0.0009035453904601813,0.09957097459133903,2.0,45.0
24.82433633308392,0.05857943439108905,0.0008592640450149248,0.09391468932821588,2.0,21.0
24.898608957999386,0.04711482487677082,0.0007695110869015309,0.08245007981389765,2.0,36.0
24.97838700003922,0.0435886651666887,0.0007419058497266511,0.07892392010381553,2.0,45.0
25.048432458075695,0.046015703370620206,0.000760906397279973,0.08135095830774704,2.0,15.0
25.07853670802433,0.050142995861587034,0.0007932177210630317,0.08547825079871386,2.0,36.0
25.119163625058718,0.05079111508887052,0.0007982916503395771,0.08612637002599735,2.0,12.0
25.172802666085772,0.05236730213537451,0.000810631141692254,0.08770255707250134,2.0,39.0
25.22655337501783,0.0564570117667572,0.0008426482406421141,0.09179226670388403,2.0,12.0
25.30987025005743,0.06263432177590995,0.0008910085311354364,0.09796957671303679,2.0,51.0
25.400520125054754,0.06359296432979755,0.0008985134535558062,0.09892821926692438,2.0,51.0
25.466602250002325,0.06302077071452157,0.0008940339229167139,0.0983560256516484,2.0,30.0
25.52448204101529,0.06699198245384276,0.0009251233377331163,0.10232723739096959,2.0,27.0
25.60028204100672,0.07256937566062838,0.0009687870611460569,0.10790463059775521,2.0,48.0
25.655340375029482,0.07422323780105201,0.0009817346473005948,0.10955849273817884,2.0,27.0
25.706874833093025,0.06985595022051837,0.0009475444745960435,0.1051912051576452,2.0,27.0
25.76205050002318,0.065948736166068,0.0009169560782855389,0.10128399110319483,2.0,27.0
25.837031458038837,0.06490880838259225,0.0009088147984037702,0.10024406331971908,2.0,27.0
25.903273791074753,0.06644768073568004,0.0009208621643150165,0.10178293567280687,2.0,45.0
25.968499083071947,0.06658281074646888,0.0009219200562722652,0.10191806568359571,2.0,33.0
26.029670041054487,0.06311864140598587,0.0008948001229395367,0.0984538963431127,2.0,27.0
26.10689637507312,0.057568451168430304,0.0008513493633396955,0.09290370610555714,2.0,45.0
26.167465208098292,0.05716158260079096,0.0008481641124627787,0.09249683753791779,2.0,30.0
26.2418257080717,0.058189768482397694,0.0008562134685485119,0.09352502341952453,2.0,30.0
26.296697583049536,0.05801550999656464,0.0008548492516024097,0.09335076493369147,2.0,36.0
26.34605300007388,0.057764883864364236,0.0008528871754656332,0.09310013880149107,2.0,15.0
26.394030666095205,0.05454490535293158,0.0008276789382289697,0.08988016029005841,2.0,33.0
26.480558833107352,0.06317861240167527,0.0008952696177145141,0.0985138673388021,2.0,48.0
26.54363754100632,0.07103544893642702,0.0009567784130665634,0.10637070387355385,2.0,24.0
26.616924125002697,0.06603873156653534,0.0009176606250386101,0.10137398650366217,2.0,45.0
26.708221500040963,0.061440492347315315,0.0008816624018525008,0.09677574728444215,2.0,42.0
26.778734583058394,0.06943248671527659,0.0009442293069751098,0.10476774165240342,2.0,39.0
26.85384800005704,0.07178794060759199,0.0009626694426178445,0.10712319554471882,2.0,30.0
26.902209416031837,0.06297744898197764,0.0008936947701839882,0.09831270391910447,2.0,33.0
26.964385833009146,0.05495843850406912,0.0008309163641130517,0.09029369344119595,2.0,24.0
27.006643250002526,0.05335907315699927,0.0008183954168601779,0.0886943280941261,2.0,33.0
27.07169791602064,0.05606776256810787,0.0008396009264725026,0.0914030175052347,2.0,18.0
27.133832750027068,0.04526808184262622,0.0007550534946056245,0.08060333677975305,2.0,45.0
27.192704833112657,0.032292698447983686,0.0006534731450202218,0.06762795338511052,1.0,10.0
27.25222400005441,0.02757010659731121,0.000616501402717905,0.06290536153443804,1.0,47.0
27.332658791099675,0.025837733961148808,0.0006029391816534991,0.06117298889827564,1.0,42.0
27.42009075009264,0.017894507835564823,0.0005407540683407103,0.053229762772691654,1.0,45.0
27.488011250039563,0.009789910027635379,0.00047730562496612114,0.04512516496476221,1.0,18.0
27.540467041078955,0.006285864688542295,0.00044987351450878057,0.041621119625669126,1.0,45.0
27.615349083091132,0.0057102195739250974,0.0004453669631259453,0.04104547451105193,1.0,36.0
27.689441791037098,0.0052946420391870724,0.00044211353238138957,0.0406298969763139,1.0,27.0
27.755187875009142,0.004302955491858891,0.00043434991853716733,0.03963821042898572,1.0,48.0
27.808962833019905,0.0041072207444122835,0.0004328175704387022,0.039442475681539114,1.0,21.0
27.8643282080302,0.006946537529491308,0.0004550457222273511,0.04228179246661814,1.0,33.0
27.96409920800943,0.01477475120116422,0.000516330437847091,0.05011000613829105,1.0,54.0
28.014083875110373,0.020059073407846996,0.0005576997970984237,0.05539432834497383,1.0,24.0
28.101662250002846,0.02460721070880826,0.000593305787529875,0.05994246564593509,1.0,27.0
28.169534458080307,0.043576763626771084,0.0007418126761726476,0.07891201856389791,1.0,54.0
28.234409374999814,0.06001955385226128,0.0008705383044230143,0.09535480878938811,2.0,30.0
28.293901833007112,0.06847461836791248,0.0009367304455832982,0.10380987330503931,2.0,24.0
28.340794916031882,0.0745426277433592,0.0009842350544952694,0.10987788268048602,2.0,30.0
28.401536416029558,0.08448350344874193,0.0010620591617778916,0.11981875838586876,2.0,21.0
28.460265166009776,0.0957864839513497,0.0011505467752757675,0.13112173888847653,2.0,42.0
28.529274958069436,0.09895254313137544,0.0011753328943855796,0.13428779806850227,2.0,30.0
28.601011041086167,0.09842412953692761,0.0011711961042794891,0.13375938447405444,2.0,30.0
28.67925837507937,0.10644462650626293,0.0012339861476419179,0.14177988144338977,2.0,45.0
28.7348748750519,0.11954203662678561,0.00133652180753274,0.15487729156391244,2.0,36.0
28.799075750051998,0.11694042063216645,0.0013161545432922468,0.15227567556929328,2.0,27.0
28.866417916025966,0.11370198907265974,0.0012908018427270427,0.14903724400978657,2.0,42.0
28.929615750093944,0.11801531295873771,0.0013245695499998606,0.15335056789586454,2.0,12.0
28.97770216607023,0.12470086781930079,0.0013769087356141209,0.16003612275642762,2.0,45.0
29.041044333018363,0.1255397333739803,0.0013834759601583052,0.16087498831110714,2.0,30.0
29.08419662504457,0.12496214097866265,0.0013789541641042124,0.16029739591578948,2.0,24.0
29.149863916100003,0.13171439047197703,0.0014318154818130928,0.16704964540910386,2.0,30.0
29.193788458011113,0.14399453085097985,0.0015279529842449652,0.17932978578810668,3.0,24.0
29.25794470810797,0.14679666308702338,0.001549890029453152,0.1821319180241502,3.0,33.0
29.317667125025764,0.1427152680240853,0.0015179380227432332,0.17805052296121213,3.0,21.0
29.385694791097194,0.1426519082273759,0.0015174419980706938,0.17798716316450272,3.0,45.0
29.459516291040927,0.14429021663423522,0.0015302678187525082,0.17962547157136205,3.0,39.0
29.519707250059582,0.14310191808819303,0.001520964989075149,0.17843717302531986,3.0,24.0
29.576353583019227,0.14663992964957678,0.0015486630108068962,0.18197518458670361,3.0,36.0
29.625663041020744,0.1498428403590332,0.001573737629387473,0.18517809529616003,3.0,15.0
29.668002958060242,0.14567129049341118,0.0015410798280127724,0.181006545430538,3.0,27.0
29.70515337504912,0.13907611002479023,0.0014894481561611374,0.17441136496191706,2.0,18.0
29.765889541013166,0.13335008992138933,0.0014446208777566573,0.16868534485851616,2.0,33.0
29.85821679106448,0.13265335591316363,0.0014391663580734218,0.16798861085029046,2.0,54.0
29.9201530830469,0.12719995856965133,0.0013964733607465904,0.16253521350677816,2.0,24.0
29.981965291080996,0.11830362980030848,0.0013268266952931713,0.1536388847374353,2.0,39.0
30.07067366607953,0.12506617217780414,0.0013797685928771564,0.16040142711493097,2.0,42.0
30.120134958066046,0.13532908510969016,0.0014601138321412217,0.170664340046817,2.0,21.0
30.199861916014925,0.12878886163000425,0.0014089124019231777,0.16412411656713108,2.0,45.0
30.252874416066334,0.11923017752395063,0.001334080357001078,0.15456543246107746,2.0,30.0
30.30247420805972,0.11633596918234299,0.0013114224758293447,0.15167122411946982,2.0,21.0
30.36228383309208,0.11801038887428231,0.0013245310008329376,0.15334564381140914,2.0,36.0
30.427773291012272,0.11597206065149993,0.0013085735460786126,0.15130731558862676,2.0,30.0
30.491021958063357,0.10862972584406394,0.0012510926290353161,0.14396498078119077,2.0,33.0
30.546035708044656,0.1072403420217655,0.0012402155635887833,0.14257559695889233,2.0,18.0
30.622015833039768,0.10870003424942573,0.0012516430522619925,0.14403528918655256,2.0,48.0
30.665261875023134,0.09652483963095698,0.0011563271384274138,0.1318600945680838,2.0,13.0
30.733997000032105,0.08160552417115444,0.0010395283330366313,0.11694077910828127,2.0,44.0
30.77780841605272,0.07362002481528745,0.0009770122753979874,0.10895527975241429,2.0,24.0
30.8313615830848,0.06626475758162198,0.0009194301143037502,0.10160001251874881,2.0,27.0
30.885376000078395,0.05885280404603674,0.0008614041733079426,0.09418805898316357,2.0,27.0
30.93127295805607,0.04864773429315247,0.0007815117707859929,0.0839829892302793,2.0,24.0
30.98501004104037,0.04012939916799628,0.0007148243031728003,0.07546465410512311,1.0,18.0
31.035761291044764,0.03485172948256862,0.0006735070244969826,0.07018698441969545,1.0,33.0
31.09145766601432,0.02685514914746393,0.0006109042172255548,0.06219040408459076,1.0,33.0
31.171914208098315,0.018008454420003747,0.0005416461216642481,0.05334370935713058,1.0,24.0
31.24324016610626,0.01091544497918464,0.00048611709745765235,0.04625069991631147,1.0,54.0
31.317492708098143,0.004446707120845481,0.0004354753065339458,0.03978196205797231,1.0,36.0
31.39060095802415,0.002651132248551784,0.0004214182942910807,0.037986387185678615,1.0,39.0
31.465393333113752,0.00746022421434913,0.00045906721981537376,0.04279547915147596,1.0,21.0
31.53366191603709,0.012464695617400628,0.0004982457118221702,0.04779995055452746,1.0,54.0
31.60868875007145,0.017032473277548824,0.000534005460681524,0.052367728214675655,1.0,33.0
31.688735583098605,0.025448173631054546,0.0005998894317299694,0.06078342856818138,1.0,36.0
31.74619237508159,0.028799961184368617,0.0006261295620633995,0.06413521612149545,1.0,36.0
31.798741750069894,0.031760602377057204,0.0006493075259202845,0.06709585731418403,1.0,27.0
31.882777083083056,0.03980619262819032,0.0007122940169914044,0.07514144756531715,1.0,30.0
31.956959500093944,0.05144104036777067,0.0008033797186476262,0.0867762953048975,2.0,51.0
32.010449708090164,0.05750959105427482,0.0008508885653200378,0.09284484599140165,2.0,30.0
32.08175300003495,0.061144384655904355,0.000879344264353699,0.09647963959303119,2.0,21.0
32.166578166070394,0.06590759553585951,0.0009166340007428848,0.10124285047298634,2.0,57.0
32.23567337507848,0.06601470450299315,0.0009174725244299504,0.10134995944011999,2.0,36.0
32.291471958043985,0.06514222287204996,0.000910642129798633,0.10047747780917679,2.0,12.0
32.36643316608388,0.06024157436075896,0.0008722764357893395,0.09557682929788579,2.0,54.0
32.43875050009228,0.06146843391082206,0.0008818811478966562,0.09680368884794889,2.0,36.0
32.51300691603683,0.07495717397504517,0.0009874804114803554,0.110292428912172,2.0,39.0
32.556009750114754,0.08407225920619049,0.0010588396550663898,0.11940751414331732,2.0,18.0
32.61118270806037,0.08262166242564649,0.0010474833718959087,0.11795691736277332,2.0,33.0
32.67966508306563,0.08312855346596404,0.0010514516684395334,0.11846380840309087,2.0,33.0
32.74148766603321,0.09014114492033576,0.001106351124568807,0.1254763998574626,2.0,30.0
32.79966879100539,0.09703372195663945,0.0011603110241414963,0.13236897689376628,2.0,21.0
32.86146133299917,0.10482890671702622,0.0012213371664110064,0.14016416165415305,2.0,42.0
32.94387637509499,0.10940648474679412,0.0012571736393980223,0.14474173968392096,2.0,48.0
32.993933083023876,0.11694916335079084,0.0013162229873903658,0.15228441828791767,2.0,15.0
33.04157208302058,0.12970729072290546,0.0014161025053281246,0.1650425456600323,2.0,27.0
33.083909708075225,0.13388926734081955,0.001448841934590854,0.16922452227794638,2.0,24.0
33.16403075004928,0.12829708667360903,0.0014050624446256851,0.16363234161073587,2.0,27.0
33.201640208018944,0.12012953116716205,0.001341121124483605,0.15546478610428888,2.0,24.0
33.260001500020735,0.11952076510770879,0.0013363552792477315,0.15485602004483562,2.0,39.0
33.32624783308711,0.11620901582035723,0.0013104285963809054,0.15154427075748406,2.0,18.0
33.42215745802969,0.10212030761615296,0.0012001323638101817,0.1374555625532798,2.0,51.0
33.46597904106602,0.08996789950535392,0.0011049948386477925,0.12530315444248075,2.0,39.0
33.54735137510579,0.08803571822945865,0.0010898683762151794,0.12337097316658548,2.0,36.0
33.59876504109707,0.08194436288836018,0.0010421809988037979,0.11727961782548701,2.0,30.0
33.66903758305125,0.06347082994315953,0.0008975573004068972,0.09880608488028636,2.0,36.0
33.72264787508175,0.04296240559091481,0.0007370030530459314,0.07829766052804164,1.0,15.0
33.800131958094425,0.03373976797067567,0.0006648018143565072,0.0690750229078025,1.0,54.0
33.87134904100094,0.03413490239972822,0.0006678952022137753,0.06947015733685505,1.0,33.0
33.922706166049466,0.031264489738521986,0.0006454236102221209,0.06659974467564882,1.0,15.0
33.97176612506155,0.021691582457818347,0.0005704802163703424,0.05702683739494518,1.0,39.0
34.04866375005804,0.018511545742556874,0.0005455846713674831,0.053846800679683705,1.0,18.0
34.14690945809707,0.027293359867744657,0.0006143348363297708,0.06262861480487149,1.0,72.0
34.191938500036485,0.024923686459697475,0.0005957833804019209,0.060258941396824306,1.0,24.0
34.25524787500035,0.01782565223521499,0.0005402150186847798,0.05316090717234182,1.0,27.0
34.32141345809214,0.017384394093928723,0.0005367605422438161,0.052719649031055554,1.0,30.0
34.400143500068225,0.024544563551578698,0.0005928153418961423,0.05987981848870553,1.0,45.0
34.4912622080883,0.02146357270627325,0.0005686951970328486,0.05679882764340008,1.0,51.0
34.56133833306376,0.017876342442359514,0.0005406118569750782,0.053211597379486344,1.0,33.0
34.6470162080368,0.018044932669994566,0.0005419316988432517,0.0533801876071214,1.0,33.0
34.725916250026785,0.018102813979889353,0.0005423848341005883,0.053438068917016184,1.0,51.0
34.779063583002426,0.01806065410565886,0.000542054777204961,0.05339590904278569,1.0,30.0
34.83513258304447,0.009470283723136942,0.00047480336736338644,0.04480553866026377,1.0,24.0
34.91418537509162,0.004733760175753297,0.0004377225580239583,0.04006901511288013,1.0,42.0
34.97601870808285,0.004325305630892368,0.0004345248910113711,0.0396605605680192,1.0,33.0
35.0237001250498,0.003784300261837903,0.00043028952371279686,0.039119555198964734,1.0,27.0
35.09866741602309,0.0002556676685754322,0.0004026649270839184,0.03559092260570226,1.0,36.0
35.13237400003709,0.006188473647199759,0.0004491110695215946,0.04152372858432659,1.0,18.0
35.169924250105396,0.009829482162037939,0.0004776154232298173,0.04516473709916477,1.0,21.0
35.22036812501028,0.0074836814936733095,0.0004592508597558364,0.04281893643080014,1.0,24.0
35.30096541601233,0.010042665720429958,0.00047928437278827607,0.04537792065755679,1.0,39.0
35.37055691611022,0.015901628037225793,0.0005251524155463465,0.051236882974352624,1.0,21.0
35.41171037510503,0.022654953811602055,0.0005780221591339232,0.057990208748728886,1.0,39.0
35.46818104106933,0.028933757613690894,0.000627177013814956,0.06426901255081773,1.0,12.0
35.55858391604852,0.03539681162615095,0.0006777743076294961,0.07073206656327778,1.0,51.0
35.63759033300448,0.04517700637278815,0.0007543404923163337,0.08051226130991498,2.0,51.0
35.6855850830907,0.0476841466943715,0.0007739681351057752,0.08301940163149833,2.0,27.0
35.71641895803623,0.04726493851999114,0.0007706862811822758,0.08260019345711797,2.0,12.0
35.82676879107021,0.050700671930653016,0.0007975835982265941,0.08603592686777985,2.0,54.0
35.94505937502254,0.05229965864874579,0.0008101015813077988,0.08763491358587262,2.0,57.0
36.075080375070684,0.0562086833958266,0.0008407041529828994,0.09154393833295343,2.0,63.0
36.22093283303548,0.05655200028447464,0.0008433918769989651,0.09188725522160147,2.0,81.0
36.36772741610184,0.052358729434275345,0.0008105640286098842,0.08769398437140218,2.0,81.0
36.46918183309026,0.0514061503965178,0.0008031065756221681,0.08674140533364463,2.0,51.0
36.59423941606656,0.05520156681478383,0.000832819742074639,0.09053682175191066,2.0,51.0
36.69281987508293,0.05792819985259365,0.000854165726909753,0.09326345478972048,2.0,51.0
36.75577550008893,0.06040853145738767,0.0008735834923691328,0.0957437863945145,2.0,42.0
36.8348692500731,0.06683274681533426,0.00092387673011204,0.10216800175246109,2.0,42.0
36.90733654110227,0.0735223185242891,0.0009762473624166567,0.10885757346141593,2.0,21.0
36.967294833040796,0.07998915677677547,0.001026874281901059,0.1153244117139023,2.0,51.0
37.024096750072204,0.07742285284527553,0.0010067834651154993,0.11275810778240236,2.0,27.0
37.10084170801565,0.07996917758429703,0.0010267178708498657,0.11530443252142386,2.0,27.0
37.17058158305008,0.09394076864787157,0.0011360972287722056,0.1292760235849984,2.0,45.0
37.218421833007596,0.10235321473712494,0.0012019557231707253,0.13768846967425177,2.0,27.0
37.2780920000514,0.09636185782856493,0.0011550512032230732,0.13169711276569177,2.0,30.0
37.3349062911002,0.08501100647451791,0.0010661888233174347,0.12034626141164474,2.0,30.0
37.42795362509787,0.08296868739866387,0.001050200125382247,0.1183039423357907,2.0,27.0
37.49124541610945,0.07822982155056477,0.0010131009788794168,0.1135650764876916,2.0,51.0
37.57573008304462,0.06573259706036523,0.0009152639906416833,0.10106785199749206,2.0,45.0
37.6574729999993,0.05879541058386989,0.0008609548572628203,0.09413066552099672,2.0,39.0
37.718498708098195,0.0620038349271721,0.0008860726404140698,0.09733908986429893,2.0,21.0
37.768747791065834,0.05993332086844602,0.0008698632124912134,0.09526857580557285,2.0,39.0
37.81793129106518,0.04689765875049666,0.0007678109590244505,0.08223291368762349,2.0,15.0
37.897748958086595,0.03579976753849877,0.0006809289275123041,0.0711350224756256,1.0,51.0
37.96810133301187,0.04121244557616173,0.0007233031457173749,0.07654770051328856,1.0,36.0
38.03580879105721,0.04875175020330362,0.0007823260798660592,0.08408700514043045,2.0,15.0
38.106736250105314,0.043431483264861764,0.0007406753201884894,0.0787667382019886,1.0,57.0
38.1883450410096,0.041142148411190765,0.0007227528104883163,0.0764774033483176,1.0,42.0
38.26152408309281,0.04626901574087809,0.0007628895031615093,0.08160427067800492,2.0,36.0
38.32913558301516,0.04766918665937857,0.0007738510175194834,0.0830044415965054,2.0,24.0
38.38410445803311,0.04600510728761019,0.0007608234437530015,0.08134036222473702,2.0,39.0
38.434292791062035,0.04357408978350366,0.000741791743462948,0.07890934472063049,1.0,15.0
38.50239316606894,0.04477096953534082,0.0007511617528033663,0.08010622447246765,2.0,45.0
38.548743416089565,0.04900235536241272,0.0007842879918108514,0.08433761029953955,2.0,18.0
38.61345395806711,0.04711152245985842,0.000769485233279003,0.08244677739698525,2.0,42.0
38.674935041111894,0.03984574260832874,0.0007126036418160717,0.07518099754545557,1.0,30.0
38.723108750069514,0.03887886780544188,0.0007050342716097841,0.07421412274256871,1.0,18.0
38.777619416010566,0.03907421598363492,0.0007065635933745587,0.07440947092076175,1.0,33.0
38.833864958025515,0.038728318663961134,0.0007038556679449622,0.07406357360108796,1.0,15.0
38.87694608303718,0.03972026567663452,0.0007116213208935419,0.07505552061376135,1.0,36.0
38.938153125112876,0.034178658727932326,0.0006682377572643939,0.06951391366505916,1.0,24.0
39.00202579109464,0.032800881233183546,0.0006574515542435823,0.06813613617031038,1.0,36.0
39.03712016600184,0.03293692151838122,0.0006585165724636823,0.06827217645550805,1.0,12.0
39.103178333025426,0.03566116361924418,0.0006798438393770586,0.07099641855637101,1.0,42.0
39.16622420807835,0.034130674117876014,0.0006678621002748476,0.06946592905500285,1.0,33.0
39.21255700010806,0.03416319251813209,0.0006681166769887299,0.06949844745525892,1.0,21.0
39.28077354107518,0.03614290589450517,0.0006836152538503514,0.071478160831632,1.0,39.0
39.327605000115,0.04015079474373344,0.0007149918026598567,0.07548604968086027,1.0,24.0
39.393747833091766,0.04766812978002066,0.0007738427435308558,0.0830033847171475,2.0,36.0
39.47619804111309,0.044910037823780474,0.0007522504763444198,0.0802452927609073,2.0,39.0
39.54642958310433,0.0489701159381562,0.0007840355991156373,0.08430537087528303,2.0,30.0
39.59921837504953,0.062405147521775214,0.0008892143952596061,0.09774040245890205,2.0,36.0
39.65841116604861,0.07547294236619144,0.0009915182061168801,0.11080819730331827,2.0,18.0
39.7063838330796,0.07265136087309962,0.0009694288985615971,0.10798661581022645,2.0,36.0
39.74290325003676,0.0692194386795223,0.0009425614183823658,0.10455469361664912,2.0,12.0
39.796221666038036,0.07060543117168366,0.0009534119341316443,0.1059406861088105,2.0,33.0
39.83207891602069,0.07785264354727156,0.0010101481664448904,0.11318789848439839,2.0,21.0
39.887593333027326,0.08425775415559382,0.001060291838885058,0.11959300909272065,2.0,24.0
39.990325416089036,0.07122843043478165,0.0009582892068111607,0.10656368537190848,2.0,54.0
40.0480010000756,0.07207920996350807,0.0009649497022523835,0.1074144649006349,2.0,30.0
40.118844208074734,0.07812495689310096,0.001012280025213514,0.1134602118302278,2.0,33.0
40.21110695810057,0.0652530576380319,0.0009115098216372656,0.10058831257515873,2.0,51.0
40.26639750006143,0.04601885404327567,0.0007609310629426388,0.0813541089804025,2.0,21.0
40.319603833020665,0.0419056334191442,0.0007287299035461713,0.07724088835627103,1.0,33.0
40.364592500030994,0.0463334568740571,0.0007633939932900018,0.08166871181118393,2.0,21.0
40.4204014580464,0.05056158278560183,0.000796494711405441,0.08589683772272866,2.0,27.0
40.48532600002363,0.04360095740846401,0.0007420020819672521,0.07893621234559084,2.0,24.0
40.54937162506394,0.02768996453106433,0.0006174397342061486,0.06302521946819116,1.0,45.0
40.60520675010048,0.030006267451008248,0.0006355733687352633,0.06534152238813508,1.0,30.0
40.67360837501474,0.031016850918116817,0.0006434849208452767,0.06635210585524365,1.0,30.0
40.751817833050154,0.01871682461141095,0.0005471917375039105,0.05405207954853778,1.0,42.0
40.80975295801181,0.014709961147903378,0.0005158232161288788,0.05004521608503021,1.0,24.0
40.87104975001421,0.018833399261403712,0.000548104365157283,0.05416865419853054,1.0,39.0
40.92862045811489,0.022504862645345278,0.0005768471408185231,0.05784011758247211,1.0,33.0
40.99476095801219,0.020489257356100826,0.0005610675770337507,0.05582451229322766,1.0,18.0
41.0485904160887,0.014244839999487453,0.0005121819234272572,0.049580094936614284,1.0,42.0
41.11811487504747,0.015654999212018954,0.0005232216331162342,0.050990254149145785,1.0,36.0
41.174193916027434,0.02286405417939774,0.0005796591426289845,0.05819930911652457,1.0,24.0
41.20981683302671,0.02541726746121921,0.0005996474766801082,0.06075252239834604,1.0,12.0
41.29701187508181,0.029352159313548856,0.0006304525540934997,0.06468741425067569,1.0,45.0
41.34792850003578,0.047903329861464644,0.0007756840537849681,0.08323858479859148,2.0,36.0
41.407277500024065,0.06552779543280625,0.0009136606606829176,0.10086305036993308,2.0,18.0
41.486975375097245,0.07052675199333516,0.0009527959786566767,0.105862006930462,2.0,48.0
41.564141791081056,0.08106707606629973,0.0010353129857855188,0.11640233100342656,2.0,45.0
41.63561804103665,0.09677066620551567,0.0011582516402800038,0.1321059211426425,2.0,36.0
41.69777633307967,0.10704179119969923,0.0012386611692944086,0.14237704613682606,2.0,27.0
41.735908166039735,0.10763533370195352,0.0012433078339083945,0.14297058863908035,2.0,23.0
41.82493429107126,0.1115573081235508,0.001274011784666054,0.14689256306067763,2.0,25.0
41.888875708100386,0.12406932590278669,0.0013719645850864513,0.15940458083991352,2.0,54.0
41.94272708310746,0.12604111374226618,0.0013874011153184036,0.161376368679393,2.0,24.0
42.02097566600423,0.11230841856493476,0.0012798920009874102,0.1476436735020616,2.0,30.0
42.095086291083135,0.10520354090349951,0.0012242700640735379,0.14053879584062634,2.0,54.0
42.178979291114956,0.10048529875470302,0.001187332374270767,0.13582055369182985,2.0,42.0
42.224705458036624,0.0851828063183298,0.0010675337922992634,0.12051806125545664,2.0,17.0
42.28895504109096,0.06537688106708499,0.0009124791977880521,0.10071213600421182,2.0,22.0
42.33821875008289,0.058583551791408034,0.0008592962788958873,0.09391880672853486,2.0,42.0
42.39252629107796,0.0564295699227661,0.0008424334067508061,0.09176482485989293,2.0,30.0
42.45179037505295,0.047075065390429494,0.0007691998219162083,0.08241032032755632,2.0,27.0
42.50991020805668,0.02848640059962082,0.0006236747911447972,0.06382165553674765,1.0,27.0
42.58320087508764,0.02136290597444406,0.0005679071076562333,0.05669816091157089,1.0,42.0
42.64734370808583,0.021927517305198714,0.0005723272788845931,0.057262772242325545,1.0,30.0
42.711912250029854,0.015508755424492121,0.0005220767347644982,0.05084401036161895,1.0,33.0
42.78116650006268,0.01448587043628731,0.0005140688777688885,0.04982112537341414,1.0,36.0
42.83732233301271,0.017306730395808108,0.0005361525366562167,0.05264198533293494,1.0,21.0
42.894373750081286,0.023771620068090242,0.0005867642012959397,0.05910687500521707,1.0,39.0
42.956744333030656,0.02645272827623911,0.0006077537860177681,0.06178798321336594,1.0,27.0
43.01000854105223,0.02651997970432273,0.0006082802770945306,0.06185523464144956,1.0,33.0
43.07680087501649,0.028376346502411567,0.0006228132109257158,0.0637116014395384,1.0,33.0
43.123191333026625,0.03172082961836749,0.0006489961570297633,0.06705608455549432,1.0,24.0
43.20943887508474,0.032332152240669584,0.0006537820168224344,0.06766740717779642,1.0,45.0
43.26834604109172,0.033646169724577873,0.0006640690620153994,0.0689814246617047,1.0,30.0
43.33214012510143,0.03508921633384336,0.000675366237180007,0.0704244712709702,1.0,30.0
43.397691625053994,0.03656207596223954,0.0006868968094484523,0.07189733089936637,1.0,36.0
43.47203858301509,0.0374438747792232,0.000693800145509426,0.07277912971635003,1.0,36.0
43.54434008302633,0.032526884432933,0.0006553065162197946,0.06786213937005983,1.0,30.0
43.6007960831048,0.02539340308211724,0.0005994606496786943,0.06072865801924407,1.0,36.0
43.67504554102197,0.03076554019340899,0.0006415174852409521,0.06610079513053582,1.0,36.0
43.72596787509974,0.03452644104878344,0.0006709604397977104,0.06986169598591027,1.0,30.0
43.777017791057006,0.032912224512259,0.0006583232270773223,0.06824747944938583,1.0,27.0
43.855491291033104,0.033221704763782306,0.0006607460543020265,0.06855695970090914,1.0,30.0
43.900446625077166,0.040302760801388476,0.0007161814989325762,0.07563801573851531,1.0,30.0
43.983733375091106,0.04206065372669317,0.000729943510616939,0.07739590866382,1.0,45.0
44.06478920800146,0.03711009549799388,0.0006911870885352761,0.07244535043512071,1.0,27.0
44.11313545808662,0.03915854808817554,0.0007072238038978212,0.07449380302530237,1.0,39.0
44.18079779110849,0.0480718980886785,0.0007770037234185025,0.08340715302580533,2.0,36.0
44.229084041086026,0.05489326060520648,0.0008304061060690048,0.09022851554233331,2.0,15.0
44.29334137507249,0.04803042026460275,0.0007766790060871135,0.08336567520172958,2.0,42.0
44.372736208024435,0.04937787630359078,0.0007872278316075896,0.08471313124071761,2.0,27.0
44.44495445804205,0.05378873263789749,0.0008217590908993084,0.08912398757502432,2.0,51.0
44.5056669160258,0.05317106996565091,0.0008169235967744436,0.08850632490277774,2.0,30.0
44.54901958303526,0.04628572211690135,0.0007630202923231959,0.08162097705402818,2.0,15.0
44.64135770802386,0.05377651412979345,0.0008216634358973041,0.08911176906692028,2.0,57.0
44.69704995804932,0.06442588514571455,0.0009050341385393991,0.09976114008284138,2.0,24.0
44.75982916611247,0.0617413212358784,0.0008840175001749321,0.09707657617300523,2.0,30.0
44.799787791096605,0.056870855261346415,0.0008458880961111536,0.09220611019847325,2.0,24.0
44.851212833076715,0.061820751350918066,0.0008846393345059832,0.0971560062880449,2.0,27.0
44.917374208103865,0.07623166829072493,0.000997458041750981,0.11156692322785176,2.0,36.0
45.000916041084565,0.07384123487261074,0.000978744061987352,0.10917648980973757,2.0,37.0
